[{"model": "store.artist", "pk": 2, "fields": {"name": "Francis Cabrel"}}, {"model": "store.artist", "pk": 3, "fields": {"name": "Alan Walker"}}, {"model": "store.artist", "pk": 4, "fields": {"name": "Garou"}}, {"model": "store.artist", "pk": 5, "fields": {"name": "Celine Dion"}}, {"model": "store.artist", "pk": 6, "fields": {"name": "Maitre Gims"}}, {"model": "store.artist", "pk": 7, "fields": {"name": "Stromae"}}, {"model": "store.artist", "pk": 8, "fields": {"name": "chris brown"}}, {"model": "store.artist", "pk": 9, "fields": {"name": "Manu Djibango"}}, {"model": "store.contact", "pk": 1, "fields": {"email": "robin@disquaire.com", "name": "robin"}}, {"model": "store.contact", "pk": 2, "fields": {"email": "raoul@dis.com", "name": "raoul"}}, {"model": "store.contact", "pk": 3, "fields": {"email": "fbbbg@gb.com", "name": "raoul"}}, {"model": "store.contact", "pk": 4, "fields": {"email": "wqashington@disquaire.com", "name": "wqashington"}}, {"model": "store.contact", "pk": 5, "fields": {"email": "gigi@dusquaire.com", "name": "gigi"}}, {"model": "store.contact", "pk": 7, "fields": {"email": "totorina@disquaire.com", "name": "totorina"}}, {"model": "store.album", "pk": 1, "fields": {"reference": null, "created_at": "2020-04-25T12:07:03.279Z", "available": true, "title": "Sarbacane", "picture": "", "artists": [2]}}, {"model": "store.album", "pk": 2, "fields": {"reference": null, "created_at": "2020-04-25T12:25:45.734Z", "available": true, "title": "Gracias la vida", "picture": "", "artists": []}}, {"model": "store.album", "pk": 3, "fields": {"reference": null, "created_at": "2020-04-25T12:26:19.489Z", "available": true, "title": "Fous ta cagoule", "picture": "", "artists": []}}, {"model": "store.album", "pk": 4, "fields": {"reference": null, "created_at": "2020-04-25T12:26:40.001Z", "available": true, "title": "Luna Nuaeva", "picture": "", "artists": []}}, {"model": "store.album", "pk": 5, "fields": {"reference": 1, "created_at": "2020-04-25T12:26:59.444Z", "available": true, "title": "La Dale", "picture": "fggggggggggggggggggggggggggggg", "artists": [2, 3, 5]}}, {"model": "store.album", "pk": 6, "fields": {"reference": null, "created_at": "2020-04-25T12:29:00.599Z", "available": false, "title": "Alone", "picture": "", "artists": [3]}}, {"model": "store.album", "pk": 7, "fields": {"reference": null, "created_at": "2020-04-25T12:29:21.966Z", "available": false, "title": "Celebrate", "picture": "", "artists": [3]}}, {"model": "store.album", "pk": 8, "fields": {"reference": null, "created_at": "2020-04-25T12:29:36.133Z", "available": true, "title": "Fade", "picture": "", "artists": [3]}}, {"model": "store.album", "pk": 9, "fields": {"reference": null, "created_at": "2020-04-25T12:29:59.914Z", "available": true, "title": "Fire Of the soul", "picture": "", "artists": [3]}}, {"model": "store.album", "pk": 10, "fields": {"reference": null, "created_at": "2020-04-25T12:30:23.757Z", "available": true, "title": "Flying Dreams", "picture": "", "artists": [3]}}, {"model": "store.album", "pk": 11, "fields": {"reference": null, "created_at": "2020-04-25T12:30:55.216Z", "available": true, "title": "Golden Alley", "picture": "", "artists": [3]}}, {"model": "store.album", "pk": 12, "fields": {"reference": null, "created_at": "2020-04-25T12:32:48.404Z", "available": true, "title": "Routine", "picture": "", "artists": [3]}}, {"model": "store.album", "pk": 13, "fields": {"reference": null, "created_at": "2020-04-25T12:33:07.896Z", "available": true, "title": "The raid", "picture": "", "artists": [3]}}, {"model": "store.album", "pk": 14, "fields": {"reference": null, "created_at": "2020-04-25T12:37:24.841Z", "available": true, "title": "A Notre Dame de Paris - Belle", "picture": "", "artists": [4]}}, {"model": "store.album", "pk": 15, "fields": {"reference": null, "created_at": "2020-04-25T12:38:14.579Z", "available": true, "title": "Demande au soleil", "picture": "", "artists": [4]}}, {"model": "store.album", "pk": 16, "fields": {"reference": null, "created_at": "2020-04-25T12:38:49.467Z", "available": true, "title": "Gitan", "picture": "", "artists": [4, 5, 8, 9]}}, {"model": "store.album", "pk": 17, "fields": {"reference": null, "created_at": "2020-05-02T13:39:57.920Z", "available": false, "title": "GITAN", "picture": "https://encrypted-tbn0.gstatic.com/images?q=tbn:ANd9GcTWyX0Obsn1sI7yZu0S586UtWblFsshAVQ9a1j62RHmIFYH0bGh7qWZ0fLzxA&s", "artists": []}}, {"model": "store.album", "pk": 18, "fields": {"reference": null, "created_at": "2020-05-02T13:41:09.074Z", "available": true, "title": "DEMANDE AU SOLEIL", "picture": "https://encrypted-tbn0.gstatic.com/images?q=tbn:ANd9GcSvqJcSRDYHAzDZw1MYMTJwpZ4WA4x2-gS0JlSs315uxtwVBPuq7Al6zaMCVg&s", "artists": []}}, {"model": "store.album", "pk": 19, "fields": {"reference": null, "created_at": "2020-05-02T13:41:56.334Z", "available": false, "title": "A NOTRE DAME DE PARIS - BELLE", "picture": "https://encrypted-tbn0.gstatic.com/images?q=tbn%3AANd9GcSOTwwBML-yqDPD0G60U9Hs8OPxErwhtcg0cQeHXk-X47SRSkMx&usqp=CAU", "artists": []}}, {"model": "store.album", "pk": 20, "fields": {"reference": null, "created_at": "2020-05-02T17:14:30.809Z", "available": true, "title": "SARBACANE", "picture": "https://encrypted-tbn0.gstatic.com/images?q=tbn%3AANd9GcS7snswyyqLJC4sK_PiBuSnZcpkkJSJaYNgvc_xSinErXPlQ5sj&usqp=CAU", "artists": []}}, {"model": "store.album", "pk": 21, "fields": {"reference": null, "created_at": "2020-05-02T17:16:01.938Z", "available": false, "title": "SARBACANE", "picture": "https://encrypted-tbn0.gstatic.com/images?q=tbn%3AANd9GcS7snswyyqLJC4sK_PiBuSnZcpkkJSJaYNgvc_xSinErXPlQ5sj&usqp=CAU", "artists": []}}, {"model": "store.album", "pk": 22, "fields": {"reference": null, "created_at": "2020-05-02T17:20:03.990Z", "available": true, "title": "Sarbacane", "picture": "https://encrypted-tbn0.gstatic.com/images?q=tbn%3AANd9GcS7snswyyqLJC4sK_PiBuSnZcpkkJSJaYNgvc_xSinErXPlQ5sj&usqp=CAU", "artists": []}}, {"model": "store.booking", "pk": 1, "fields": {"created_at": "2020-05-04T10:21:41.281Z", "contacted": false, "album": 21, "contact": 1}}, {"model": "store.booking", "pk": 2, "fields": {"created_at": "2020-05-04T10:54:01.696Z", "contacted": false, "album": 17, "contact": 2}}, {"model": "store.booking", "pk": 3, "fields": {"created_at": "2020-05-04T11:07:22.468Z", "contacted": false, "album": 19, "contact": 3}}, {"model": "store.booking", "pk": 4, "fields": {"created_at": "2020-05-04T11:13:22.901Z", "contacted": false, "album": 5, "contact": 4}}, {"model": "store.booking", "pk": 5, "fields": {"created_at": "2020-05-04T11:42:20.047Z", "contacted": false, "album": 6, "contact": 5}}, {"model": "store.booking", "pk": 9, "fields": {"created_at": "2020-05-04T11:44:56.823Z", "contacted": false, "album": 7, "contact": 7}}]